Workbook

Sheet Portada
E6: Plan de prueba software OSPOS
E35: Integrantes: Daniel Reyes Vincenzo Orellana Nicolas Lizama

Sheet Plan de prueba
C1: ID | D1: Nombre de la prueba | E1: Tipo | F1: Resultado esperado | G1: Pre condicion | H1: Resultado obtenido | I1: Datos de prueba | J1: Modulo a probar | K1: Criterios de aceptacion | L1: Estrategia | M1: Resultado | N1: Candidato a automatizar | O1: Responsable ejecución
A2: MTC | B2: 10 | C2: =A2&"_00"&B2 -> MTC_0010 | D2: Inicio de sesión exitoso con credenciales válidas. | E2: Funcional | F2: El usuario ingresa a la página de inicio. | G2: Usuario activo y credenciales correctas. | H2: Se accede al sistema con éxito. | I2: Usuario: vin.orellana@duocuc.cl, Contraseña: admin123 | J2: Login | K2: El sistema debe permitir el acceso solo a usuarios con credenciales válidas y activas. | L2: Caja Negra | M2: OK | N2: Sí | O2: Daniel Reyes
A3: MTC | B3: 20 | C3: =A3&"_00"&B3 -> MTC_0020 | D3: Intento de login con usuario válido y contraseña inválida. | E3: Funcional | F3: Muestra un mensaje de error: "Error de Autenticación Email o contraseña incorrectos" | G3: Usuario activo y contraseña incorrecta. | H3: Se muestra un error: "Error de Autenticación Email o contraseña incorrectos", y el acceso es denegado. | I3: Usuario: vin.orellana@duocuc.cl, Contraseña: admin321 | J3: Login | K3: El sistema debe rechazar el acceso si la contraseña no coincide. | L3: Caja Negra | M3: OK | N3: Sí | O3: Daniel Reyes
A4: MTC | B4: 30 | C4: =A4&"_00"&B4 -> MTC_0030 | D4: Intento de login con usuario inválido y contraseña válida. | E4: Funcional | F4: Muestra un mensaje de error: "Ingresa un email válido". | G4: Usuario inexistente. | H4: Se muestra un error:"Ingresa un email válido", y el acceso es denegado. | I4: Usuario: no_existe@gmail.com, Contraseña: Paralelogramo02! | J4: Login | K4: El sistema debe rechazar el acceso si el nombre de usuario no existe. | L4: Caja Negra | M4: OK | N4: Sí | O4: Daniel Reyes
A5: MTC | B5: 40 | C5: =A5&"_00"&B5 -> MTC_0040 | D5: Intento de login dejando ambos campos vacíos. | E5: Funcional | F5: Muestra un mensaje de error: "Ingresa un email válido". | G5: Campos vacíos. | H5: Se muestra un error:"Ingresa un email válido", y el acceso es denegado. | I5: Usuario: [vacío], Contraseña: [vacío] | J5: Login | K5: El sistema debe validar que los campos de usuario y contraseña no estén vacíos. | L5: Caja Negra | M5: OK | N5: Sí | O5: Daniel Reyes
A6: MTC | B6: 50 | C6: =A6&"_00"&B6 -> MTC_0050 | D6: Intento de login con solo el campo Usuario vacío. | E6: Funcional | F6: Muestra un mensaje de error: "Ingresa un email válido". | G6: Campo Usuario vacío. | H6: Se muestra un error:"Ingresa un email válido", y el acceso es denegado. | I6: Usuario: [vacío], Contraseña: asdasdasd123$ | J6: Login | K6: El sistema debe solicitar el nombre de usuario. | L6: Caja Negra | M6: OK | N6: Sí | O6: Daniel Reyes
A7: MTC | B7: 60 | C7: =A7&"_00"&B7 -> MTC_0060 | D7: Intento de login con solo el campo Contraseña vacío. | E7: Funcional | F7: Muestra un mensaje de error: "Ingresa un email válido". | G7: Campo Contraseña vacío. | H7: Se muestra un error: "Error de Autenticación Email o contraseña incorrectos", y el acceso es denegado. | I7: Usuario: vin.orellana@duocuc.cl, Contraseña: [vacío] | J7: Login | K7: El sistema debe solicitar la contraseña. | L7: Caja Negra | M7: OK | N7: Sí | O7: Daniel Reyes
A8: MTC | B8: 70 | C8: =A8&"_00"&B8 -> MTC_0070 | D8: Verificación de que la contraseña se oculte al escribir. | E8: No Funcional | F8: La contraseña debe mostrarse como puntos o asteriscos (*). | G8: Ninguna. | H8: Los caracteres de la contraseña se enmascaran correctamente. | I8: Usuario: usuario_valido, Contraseña: clave122 | J8: Login | K8: El campo contraseña debe ocultar los caracteres para proteger la información. | L8: Caja Negra | M8: OK | N8: No | O8: Daniel Reyes
A9: MTC | B9: 80 | C9: =A9&"_00"&B9 -> MTC_0080 | D9: Uso de la función "Olvidé mi contraseña" o "Recuperar contraseña". | E9: Funcional | F9: El sistema redirige al formulario de recuperación de contraseña pidiendo al usuario ingresar un correo valido. | G9: Usuario existente. | H9: Se inicia el flujo de recuperación de contraseña. | I9: Email: dan.reyesh@duocuc.cl | J9: Login | K9: El sistema debe ofrecer una forma de restablecer la contraseña a través de un mecanismo seguro. | L9: Caja Negra | M9: OK | N9: Sí | O9: Daniel Reyes
A10: MTC | B10: 90 | C10: =A10&"_00"&B10 -> MTC_0090 | D10: Acceso a la página de inicio sin haber hecho login (acceso directo a la URL). | E10: Seguridad | F10: El sistema debe redirigir a la página de Login. | G10: Sesión no iniciada. | H10: El acceso es denegado y se obliga a iniciar sesión. | I10: Intentar navegar directamente a: "http://localhost:4200/resident-dashboard" | J10: Login | K10: La aplicación debe proteger todas las rutas que requieren autenticación. | L10: Caja Negra | M10: OK | N10: Sí | O10: Daniel Reyes
A11: MTC | B11: 100 | C11: =A11&"_00"&B11 -> MTC_00100 | D11: Solicitud de recuperación con Email registrado y activo. | E11: Funcional | F11: El sistema pide un codigo de validación de 6 digitos el cual es enviado directamente al email ingresado. | G11: Cuenta activa y Email válido. | H11: El usuario recibe el email con el codigo de validación de 6 digitos. | I11: Email: dan.reyesh@duocuc.cl | J11: Recuperar Contraseña | K11: El sistema debe confirmar el envío del enlace de restablecimiento al email del usuario. | L11: Caja Negra | M11: OK | N11: Sí | O11: Daniel Reyes
A12: MTC | B12: 110 | C12: =A12&"_0"&B12 -> MTC_0110 | D12: Solicitud de recuperación con Email no registrado en el sistema. | E12: Funcional | F12: El sistema debe mostrar un mensaje de error: "Usuario no registrado". | G12: Email no registrado. | H12: El sistema manda el codigo de 6 digitos a un usuario no registrado en el sistema. | I12: Email: daniel.reyesh01@gmail.com | J12: Recuperar Contraseña | K12: El sistema restringir el acceso a usuarios no registrados en el sistema por motivos de seguridad. | L12: Caja Negra | M12: OK | N12: Sí | O12: Daniel Reyes
A13: MTC | B13: 120 | C13: =A13&"_0"&B13 -> MTC_0120 | D13: Solicitud de recuperación con formato de email inválido. | E13: Funcional | F13: El sistema muestra un mensaje de error: "Ingrese un email válido". | G13: Email con formato incorrecto | H13: El sistema manda el codigo de 6 digitos a un usuario con formato de correo inválido en el sistema. | I13: Email: usuario1@gimail.com | J13: Recuperar Contraseña | K13: El sistema debe validar el formato del email antes de procesar la solicitud. | L13: Caja Negra | M13: OK | N13: Sí | O13: Daniel Reyes
A14: MTC | B14: 130 | C14: =A14&"_0"&B14 -> MTC_0130 | D14: Uso de codigo de 6 digitos de restablecimiento vencido o expirado. | E14: Seguridad | F14: El sistema debe permitir un maximo de tiempo limite de 15 minutos para el código de 6 digitos. | G14: Código de restablecimiento generado con limite maximo de 15 minutos. | H14: El sistema muestra un mensaje de error: "Error Código inválido o expirado". | I14: Código de 6 digitos con tiempo limite expirado. | J14: Restablecer Contraseña | K14: El enlace de restablecimiento debe tener un tiempo de vida limitado por seguridad. | L14: Caja Negra | M14: OK | N14: Sí | O14: Daniel Reyes
A15: MTC | B15: 140 | C15: =A15&"_0"&B15 -> MTC_0140 | D15: Definición de una nueva contraseña que no cumple con las reglas de complejidad. | E15: Usabilidad | F15: El sistema muestra un mensaje de error: "La contraseña debe tener al menos 8 caracteres." | G15: Acceso al formulario de nueva contraseña. | H15: El sistema muestra un mensaje de error: "La contraseña debe tener al menos 8 caracteres." | I15: Nueva Contraseña: asd | J15: Restablecer Contraseña | K15: El sistema debe forzar al usuario a seguir las reglas de contraseña. | L15: Caja Negra | M15: NOK | N15: Sí | O15: Daniel Reyes
A16: MTC | B16: 150 | C16: =A16&"_0"&B16 -> MTC_0150 | D16: Nueva Contraseña y Confirmar Contraseña no coinciden. | E16: Funcional | F16: Muestra un mensaje de error: "Las contraseñas no coinciden". | G16: Acceso al formulario de nueva contraseña. | H16: Muestra un mensaje de error: "Las contraseñas no coinciden". | I16: Nueva Contraseña: Contraseña123!,Confirmar Contraseña: Contraseña321! | J16: Restablecer Contraseña | K16: Ambos campos deben ser idénticos para confirmar la intención del usuario. | L16: Caja Negra | M16: OK | N16: Sí | O16: Daniel Reyes
A17: MTC | B17: 160 | C17: =A17&"_0"&B17 -> MTC_0160 | D17: Navegación con la tecla Tab en el formulario de solicitud de Email. | E17: Usabilidad | F17: El foco debe moverse secuencialmente entre el campo Email y el botón "Enviar Código". | G17: Ninguna. | H17: El orden de tabulación es correcto. | I17: Uso de la tecla Tab. | J17: Recuperar Contraseña | K17: La interfaz debe ser completamente navegable y accesible con teclado. | L17: Caja Negra | M17: OK | N17: No | O17: Daniel Reyes
A18: MTC | B18: 170 | C18: =A18&"_0"&B18 -> MTC_0170 | D18: Registro exitoso con datos válidos y obligatorios. | E18: Funcional | F18: La cuenta es creada, el usuario es redirigido a la pagina principal: "Portal del Residente". | G18: Todos los campos obligatorios completados correctamente. | H18: La cuenta es creada, el usuario es redirigido a la pagina principal: "Portal del Residente". | I18: Nombre: Ana Pérez, Email: ana.perez@test.com, Contraseña: Secure2025! | J18: Registro | K18: El sistema debe permitir la creación de cuentas con datos que cumplan todas las validaciones. | L18: Caja Negra | M18: OK | N18: SI | O18: Daniel Reyes
A19: MTC | B19: 180 | C19: =A19&"_0"&B19 -> MTC_0180 | D19: Intento de registro con un Email ya existente. | E19: Funcional | F19: Muestra un mensaje de error: "Ya existe un usuario registrado con este email". | G19: Email ya presente en la base de datos. | H19: El sistema deniega el registro y avisa al usuario. | I19: Email: usuario.existente@test.com | J19: Registro | K19: El email debe ser único para cada usuario en el sistema. | L19: Caja Negra | M19: OK | N19: SI | O19: Daniel Reyes
A20: MTC | B20: 190 | C20: =A20&"_0"&B20 -> MTC_0190 | D20: Intento de registro con campos opcionales vacíos. | E20: Funcional | F20: La cuenta se crea correctamente, ignorando los campos opcionales vacíos. | G20: Campo opcional de: "Documentos Adicionales (Opcional)", dejado en blanco. | H20: El sistema completa el registro con éxito. | I20: Municipalidad: "Municipalidad de ejemplo", Comunidad: "Junta de Vecinos Villa Ejemplo", Email: "dan.reyesh@duocuc.cl", Nombre Completo: "Daniel Reyes", Rut: "18.761.375-2", Dirección: "Santa Amanda 890", Carnet de identidad(frontal): "Foto compartida", Carnet de Identidad(trasero): "Foto compartida", Cuenta de Servicios(Luz, Agua, Gas): "Foto compartida", Documentos Adicional (Opcional): "[vacio]". | J20: Registro | K20: Los campos no obligatorios no deben impedir la creación de la cuenta. | L20: Caja Negra | M20: OK | N20: SI | O20: Daniel Reyes
A21: MTC | B21: 200 | C21: =A21&"_0"&B21 -> MTC_0200 | D21: Validación de reglas de complejidad de la contraseña. | E21: Funcional | F21: Muestra un mensaje de error detallado al no cumplir alguna regla (ej. "Mínimo 8 caracteres"). | G21: Contraseña débil (ej. 123456). | H21: El registro es rechazado con una alerta. | I21: Contraseña: pass | J21: Registro | K21: La contraseña debe cumplir con los requisitos mínimos de seguridad. | L21: Caja Negra | M21: NOK | N21: SI | O21: Daniel Reyes
A22: MTC | B22: 210 | C22: =A22&"_0"&B22 -> MTC_0210 | D22: Validación del campo Nombre (longitud máxima). | E22: Funcional | F22: Muestra un mensaje de error al exceder la longitud máxima permitida de 100 caracteres: "Nombre no válido". | G22: Nombre con una cadena de texto muy larga. | H22: El sistema permite ingresar un numero ilimitado de caracteres en el campo de "Nombre Completo". | I22: Nombre Completo: "AAAAAAAAAAAAAAAAAAAAAAAAAAAAAAAAAAAAAAAAAAAAAAAAAAAAAAAAAAAAAAAAAAAAAAAAAAAAAAAAAAAAAAAAAAAAAAAAAAAAAAAAAAAAAAAAAAAAAAAAAAAAAAAAAAAAAAAAAAAAAAAAAAAAAA". | J22: Registro | K22: El sistema debe limitar la longitud de las entradas para prevenir problemas de base de datos. | L22: Caja Negra | M22: NOK | N22: SI | O22: Daniel Reyes
A23: MTC | B23: 220 | C23: =A23&"_0"&B23 -> MTC_0220 | D23: Intento de registro sin aceptar los Términos y Condiciones. | E23: Funcional | F23: Muestra un mensaje de error: "Debe aceptar los Términos y Condiciones". | G23: Casilla de Términos y Condiciones sin marcar. | H23: El botón de registro se desactiva o se muestra la alerta. | I23: Ninguno (solo casilla sin marcar). | J23: Registro | K23: El registro debe requerir la aceptación explícita de las políticas del servicio. | L23: Caja Negra | M23: NOK | N23: SI | O23: Daniel Reyes
... A74: MTC | B74: 730 | C74: =A74&"_0"&B74 -> MTC_0730 | D74: Cancelar creación de noticia. | E74: Usabilidad | F74: Se limpian los campos y se redirige al listado de noticias sin guardar. | G74: Datos ingresados pero no guardados. | H74: Se limpian los campos y se redirige al listado de noticias sin guardar. | I74: Click en botón "Cancelar". | J74: Crear Noticia | K74: Permitir al usuario desistir de la acción sin residuos. | L74: Caja Negra | M74: OK | N74: Sí | O74: Daniel Reyes

Sheet Control
B9: Casos | C9: OK | D9: =COUNTIF('Plan de prueba'!M2:M323,Control!C9) -> 59
C10: NOK | D10: =COUNTIF('Plan de prueba'!M2:M323,Control!C10) -> 14
C11: No ejecutado | D11: =COUNTIF('Plan de prueba'!M2:M323,C11) -> 0
C12: Bloqueado | D12: =COUNTIF('Plan de prueba'!M2:M323,C12) -> 0
C13: Obsoleto | D13: =COUNTIF('Plan de prueba'!M2:M323,C13) -> 0
B16: Total de casos | D16: =COUNTIF('Plan de prueba'!A2:A223,"*") -> 73
B17: % de avance | D17: =SUM(D9+D10+D12+D13)/D16 -> 1
B21: Total casos que ejecuto cada integrante del equipo | D21: Daniel Reyes | F21: =COUNTIF('Plan de prueba'!$O$2:$O$74,D21) -> 73
D26: Total Casos | F26: =SUM(F21:F24) -> 73

Sheet Datos
A1: Funcional | B1: Caja Negra
A2: No Funcional | B2: Caja Blanca
A3: Completar | B3: Hibrido

Sheet Datos del plan
A1: Funcional | B1: OK | C1: Baja | D1: SI
A2: No Funcional | B2: NOK | C2: Media | D2: NO
A3: UAT | B3: No ejecutado | C3: Alta
A4: Código | B4: Bloqueado
A5: End to End | B5: Obsoleto
A6: Stress
A7: Rendimiento
A8: Carga
